Gasto_Anual,Frecuencia_Compra,Antigüedad,Ticket_Promedio,Devoluciones
10298.360738032037,37.29904458094743,5.235866380964984,1.5873711051804171,2.8178476823695364
9732.76751082827,33.95496794011521,7.665758828588942,-6.395611609579184,-6.472140594622981
8485.418334498629,45.24933795106752,6.969723592894719,-5.3671804189992605,-7.165209200229646
7461.608198080258,56.958540503486645,6.100337308104909,-6.4758722588686135,-5.80097154856796
3516.2586509199164,43.216156385884325,5.037394953912378,3.143823836487563,-7.454636276565618
8889.792869921612,45.632080623100435,5.49752573194026,-6.19986591771974,-5.057002312212965
4177.656175836537,18.195351148897817,1.0924203395544303,-0.5619905246923316,-3.6695132633018144
8480.940187177792,47.79984464688734,7.707261236469748,0.11070775462617255,4.690021241473388
10231.466248220808,51.8393320058863,7.089597592090044,-3.54739737428033,-6.631659834704211
6608.390659978245,25.121174569656052,1.5633667259945014,-0.11880042548918213,-6.390842630724874
1363.0268384512642,39.15707436297835,5.244734654849514,1.336860541893803,-7.831074589866083
5833.160799339774,40.29043171542809,7.2045118789634435,4.238264630121375,2.877349836329526
7550.815810001853,41.92836753279293,9.202151750579912,1.9433999215765903,3.495212123889071
4622.721109947239,52.879722185677515,4.684955767554605,2.5503175749281746,3.5589864866977754
5229.261417302004,45.09197230537521,7.474214659664554,1.8146140457235322,4.18014641301867
6518.470971282049,43.605499624255096,6.8703143798448805,-3.9026858433530265,-3.95618919006704
3228.4476505972775,45.10289283930071,4.696255548745792,1.4330911181656396,-6.132207272334272
7536.340322764417,44.38815840447604,6.6714131901381855,1.1668852956515785,4.289167829151185
10028.499408261576,44.6404363219365,5.541960594610233,-3.8147669590711466,-6.750285218911595
7114.5058221202735,54.24118259975828,7.87772784698219,-5.042185447393058,-5.429467364458023
6642.465078131846,9.983892681017926,1.1682319701742436,-1.7156760087926777,-3.3390719106262785
6903.374851184914,14.329440619769862,0.8102022274470673,-1.128791733516632,-3.154339641437595
8026.220566805394,56.36005239656055,6.687257794887356,-6.657319230849897,-5.811534084331048
7457.937042952537,39.82916422566055,7.751837824340438,-4.552519004782903,-7.168244906749962
3654.349627500165,15.747469095401685,1.0961420025781057,-3.522368908140972,-4.826625755719987
4246.89883284954,36.626647994732274,3.7777457707251783,1.7170331018865153,-6.506538112433665
7838.066286722091,52.467554151267215,6.446406867568401,1.9825478674156192,6.3149209921422536
2531.4133862436183,43.33947880747078,5.027141108633809,0.9804925516779445,-6.256411374061863
6036.104068812918,16.586445213065517,1.863307478870277,0.5355491967243631,-5.3935302262326035
5383.1590839360015,31.39639861031724,1.5662454386039282,-2.8145059422946224,-3.298500253159332
7893.645447585436,46.513136868725134,7.191698971508116,-7.028090020210732,-5.84953213920881
7546.682136268252,48.01596154701916,8.750342752827766,3.7269053324520014,3.4765560034215373
8697.757124797681,47.443587049608986,4.726493841731834,-6.048492772190415,-7.375396570237418
6983.178853086574,45.935670341605416,6.796698584149818,-5.091435335185916,-6.3111777202110435
5777.302603632992,7.429917964325112,-1.1406801728666152,-1.1334522260252105,-4.969795809395092
2731.988395049331,38.43342079695544,3.2044308873312968,2.94820067081377,-5.252139156866282
2426.9220532855174,38.69760835863498,5.208189752990319,0.8698606028601683,-5.019705905130223
8502.131120015547,50.046878301044046,8.58789307142811,0.883021568265844,7.320310033725778
3436.587880497836,43.650519000551554,4.057442578833177,2.071418651204319,-4.10203691114306
7982.491929056985,50.21648338369246,6.402165837373749,1.9806783700000383,4.442509234964734
3537.7866907522894,38.64607565262493,5.218845734519924,1.705014341549711,-6.022826598240759
6423.051031302351,21.49486084357529,0.6772382233432457,-2.363271109113713,-1.6679707300054334
5879.874839345237,56.15405263860879,7.77239079931579,3.495503025832126,2.7098823334914623
3864.8458486418917,48.25025570848331,6.369761181017582,-0.9928037162120149,-7.8359014977158425
4232.232204468078,52.05041315392137,4.652158509451606,0.7953593026831909,-6.3251030220353455
7752.674204265789,45.676750596489086,7.234202800578648,2.767106751924989,4.374692757040814
6941.678040108097,20.462457616951056,-0.04876945818285883,0.3818614142072092,-3.7833234785163774
3541.693661393493,42.76409737561266,5.84743020728543,1.2808994405129535,-5.8767966566731005
4674.16490850274,27.32935187467994,1.3227779989389905,-1.964669351819297,-3.8592325376418897
7395.396242626251,43.45785376498635,7.975480550342368,2.080932319255021,4.210161585365568
8482.522823728068,41.91045167714427,8.05622580983929,2.6940487723814233,5.458388426586455
6144.780907200863,50.51213216222199,6.575000162663737,4.319137859504319,3.9326326750048928
4268.656315482568,7.620683585037518,-0.42485927269526014,-2.0205681902479813,-3.1439117316633993
3181.4148712891133,49.55519227173117,5.372323154748259,1.9480877711837543,-6.7388343311807315
9812.88323208941,52.90536519027861,8.073716077886138,-2.6457414160121404,-5.667940848001697
3858.7681332581933,35.86674561657787,6.173091022506313,2.371946498316242,-7.777811035019134
2377.923869526879,49.426030384383765,5.217089914312157,2.2418305130756897,-7.828196537685645
5285.126557117029,43.01251176497124,8.174327424604918,1.9146174017195037,5.889592214460276
7649.610725826073,39.5848919849199,5.937895705024963,-5.784904694785189,-6.02730726527446
7277.2503052212105,23.300861293552924,0.2933560503430097,-1.927608320394238,-6.550576968490106
4749.915854162848,49.18899178323869,2.7046197908005194,1.406851444993412,-5.5728864747904305
9971.174836883893,42.214830075378494,7.940061382326753,-5.727643808028146,-4.082071832954378
5170.08821029189,21.56362600314616,-0.23955544876454304,-2.663280259027043,-5.165909832013908
6508.324741003514,40.38897749758746,7.820081832440501,1.7999550442109258,4.005666716240797
7517.152120780331,47.12827543828938,8.576515967981589,2.8405700224157493,6.377500346804149
2270.3259883645865,41.470129378038834,4.723641338216124,1.5107933677066199,-6.743406376849772
8418.072958345036,49.9975502358385,6.876350755926928,-4.551962475353908,-9.607379407457072
6922.095781872301,33.566834969366994,6.571162446153382,4.19723850446049,5.010753878467479
217.8976544885938,36.68002519807676,5.315441920256786,1.1923986009945398,-7.464177651668905
6916.584079867586,23.630024179015898,0.5361115336303868,-2.6657947537930484,-5.478407350701383
6606.229701339345,25.5418719516973,-2.5796717579096153,-1.590332942277888,-1.2802786901036622
8894.718859705757,0.7492845020862671,1.7623968035240194,-1.0932129302026936,-4.241289996778705
10715.512586666457,46.126459881869735,5.197219124599107,-5.033303310439032,-4.526599657045551
12170.488595679117,42.67606530074491,6.395496529415202,-6.937833219015897,-6.521009016368753
8920.83410280316,49.72631184868908,9.246855629889737,-6.525439662890649,-5.250092502160503
5527.333062241869,26.006919102287156,-1.3693818865745198,-0.37963203752765085,-3.7237257647221416
7554.248865567048,43.25508904579272,6.882381762293127,-6.644182489272135,-7.9475276693228345
6827.535826901016,45.073650792950986,8.480177855652595,4.674927836773797,3.4924614139115087
10960.781562868744,47.64234345085857,6.608976827235082,-6.002958015161525,-6.517745669584705
6642.990067645068,31.740073547428462,6.496497533791222,4.105456798662475,4.398944496076086
6801.888083837473,17.961014056575586,0.08329790204786469,-0.6152133593304242,-4.618949599291522
8195.639697550188,52.83194407874582,9.23692899136867,1.0059466168821822,2.9717807365733404
9001.285557906755,50.79931402757005,7.980492626355904,-5.261435398120262,-6.653009841400238
6732.493190638535,12.537027878526379,0.93869926328247,-1.48986219996276,-3.638156885066828
7412.654684508766,15.74542415039593,0.10078646174597572,-0.6372747098588735,-4.828353998576192
7372.466061784405,23.52447463849777,0.13065739811275967,-2.9761447353255432,-5.158526627704958
940.6263179138366,35.426531233624246,4.861439466466867,2.28502903703884,-5.9414397450184975
9519.894364207448,48.60253888937897,8.483014927703474,-5.1438148788869285,-5.717545360998428
1481.5190698645836,46.35599310577283,3.1449923017737156,2.18098679496215,-6.417246335476666
6560.994353004082,15.257228051157137,-1.056798916800639,-2.5088232793392957,-3.6085296625827086
9832.71861429631,41.723089695660065,5.656596391160604,-6.024992456716309,-5.922662047678574
3569.8265464941096,45.99378127666477,4.7097292983633015,0.6016053265439842,-6.45028235873333
2216.7729692624553,46.541230067643944,4.0315470257827455,1.4079237171987447,-6.601167266322107
6834.505419474106,43.47145082287049,8.059744482775203,0.7949491566260891,3.852599711012895
6617.12920007922,42.69533668091552,9.216466851214872,1.907945595999833,4.496277386845316
1857.1653921968282,41.095688087316525,5.3245972385398925,1.0572586960897117,-9.045485711948693
2466.881360686676,40.87307759303609,4.8966547291091675,1.8383760243117362,-7.1447907105911375
8752.645177135893,52.72281646762249,6.754941079558653,-3.9801816891681625,-7.733527592818193
9450.27881910705,46.030188442799584,7.454460907748994,-5.49738183254925,-7.265863853944571
5452.745006566378,51.557285674002,8.040402999318532,2.8637075256372535,3.8043753518889187
9330.191435385095,45.67470307830363,6.505141817901345,0.820356222990277,3.824131204457763
10173.803803858795,59.93483449579245,5.92199490840443,-4.862703340023309,-6.004349559370198
4954.947065266176,39.022912775487185,2.3949285309970745,1.5513535030911616,-6.857525136123808
10401.568557786477,59.071308701359165,6.8126952133077205,-6.191603648009007,-6.141884288820098
5770.549173780624,43.83385656365901,6.547198782252014,2.8601682112004836,4.633634018427008
6785.747364896638,56.1808428903727,8.42311612514168,2.438086405941767,5.359063687752491
7691.780355747071,33.38599618571516,7.275333374725491,0.3053701123225179,4.315176853813856
7186.082254180973,35.167680851683926,4.142359145427089,3.3321084571711297,5.656753786918063
2493.595352799262,53.79263510393551,4.322290636342554,5.237372683848275,-6.128826373833263
5325.1812023677885,23.279294823327767,-0.1748334720904794,-2.6812847067237193,-3.6480157192948894
8609.425459036795,52.1538261463579,5.94915988972571,-5.95376384297817,-6.024404715272028
8932.311664463898,52.280751315814335,8.21543982832596,2.2273387606177057,3.940671552297694
2792.9964925608533,12.107698219625508,-1.1261606068048684,-2.9480491752499693,-3.5971779219769715
3495.262809388091,24.29169189985612,-1.1621248911397726,-0.9965173124318343,-3.309542189887789
9308.450756567749,52.7098050196789,6.993401814250625,-6.488142636003002,-5.929696425610666
7120.861558155564,40.37173502186933,6.38334846770551,-6.085393746301182,-5.994612618487067
4338.145604057702,19.450456774270457,0.7719697195071774,-2.873297345364781,-4.915050885686535
7878.936281001021,41.36314544486162,6.660855262361538,2.7818184161707884,4.404959180942469
11791.756561807906,50.03893317767469,5.324812888599787,-8.336686497977457,-5.897206330420831
6516.947034989107,48.7172938832962,7.246556899587112,2.416815127228352,4.547080214461237
6119.724756364046,22.855856211569822,0.16914250025349337,0.6470428812005591,-2.566863933890744
4130.978506167056,52.52907358376163,5.349044419150433,3.249384753275744,7.089154443528036
1410.7150818102612,47.043937298949714,4.004166591707655,2.5890906036767594,-6.763134131933621
6505.332207789946,24.330295230045994,0.12557479707790892,-3.633437227502228,-3.919464747191635
286.46380164202515,44.990447292564006,3.370625721481021,2.960223578464559,-8.344639571116497
9733.447892413287,49.5081798796416,5.583862202645916,-6.27816774682257,-5.496643026464662
10222.650132183659,50.509169328729996,8.134792501728798,-5.727691894351203,-5.992901040739231
3499.794259203764,43.14311559107365,5.135396581358851,1.2967002205759623,-7.866291665830988
7705.890007489214,30.677023951114197,8.501641499888617,1.6325025746538286,1.1621646980726212
2637.6340549982197,38.859976706475365,3.975499669811483,0.535716212834114,-4.521957031651603
7568.5495980022415,44.33776633674594,9.89424734583294,4.095352038985029,4.685039959529748
5267.644934814563,22.10034646613255,-2.6299279953078036,-1.1223618510018918,-3.65133093395895
6572.873912099296,38.295492879506966,9.322092248853796,3.239544312885932,1.9524024783229348
2550.8517466990425,38.059362415274414,6.011266213646126,2.875489323164861,-5.930388854699614
7500.165242576686,16.71762908790891,1.1016928236447094,-0.08884773815902958,-0.863825149345868
7438.1415786817,25.59951993653522,0.74384942792349,-1.2778864227141846,-5.041502260043865
2691.3397370954503,48.60133387989906,4.977069077510141,1.2259302601560194,-7.12937389158
3488.1699650112764,44.608820384506984,5.049261206008074,2.305198643136755,-5.887007292308041
2080.6625372386547,53.9387949094407,4.017954574299725,1.002977360468907,-7.481735643452714
8511.93696245185,39.71411738701673,8.098103932867994,4.618205902830727,3.792117673977308
8952.678808855873,46.56799254784488,7.232654788599878,-5.675848488662333,-8.734060535482634
2580.62805032691,25.623826600577175,3.4106136666269533,1.6700879022689397,-8.37696700950909
663.5537432935872,44.8564744063319,6.517451223204908,-1.170524440966961,-5.893344185901001
550.304058334788,36.49058237322781,4.111825452191721,2.1300583766840417,-5.1500992442719316
8212.80060783494,33.67801612263832,8.446336987275657,3.5481663488571664,5.027458032772791
7545.652180521665,48.43550429313084,9.77087255302491,-5.074606211676624,-8.476415966844968
9464.177729600404,48.02540926931706,5.735815163409705,3.9927184270278184,5.37323206313207
6405.145353151056,41.22745766548362,7.636331434487392,1.3619340502496715,3.355503514395247
6496.7559490106,17.23298660447289,0.3712625291257618,-1.042664807878131,-4.874727585173059
5826.742269664056,16.623662616089433,-0.1361131785563392,-3.9451111310031783,-2.8588339419347264
9258.490392863037,20.381450677164054,2.202426395964685,-0.2496411444677744,-3.0169402145297566
5735.870735047498,22.36763844472655,0.3679906074797945,1.8121123892627566,-5.978981590113345
4928.401812017995,20.952120168454393,0.4429562928681223,-3.1984286302245515,-3.5583114888177594
8523.87316877084,44.72133107328758,10.419174120683886,1.0578907533004989,6.12839172245379
5630.614226364343,7.717132196953315,-1.3819613014085044,0.5795554628046635,-4.050190071011306
6855.973486180038,19.97257139180116,3.0147947796445758,-1.6575304680528813,-4.605425378464628
9820.701465219614,42.6900512925826,4.4090088755207635,-5.852434609445716,-6.509597665917928
7711.595830631035,48.50208237659523,8.397432167832033,1.6683606209137423,5.658742043129389
738.7701627132878,50.21738838020372,4.4479526002719885,1.9503502344575054,-8.08266242871664
8349.254668873962,53.75121603716493,5.339693099750198,-6.2461949319799785,-7.69034625804111
3667.105775748875,49.18773940098224,5.909988220447607,-0.13731769976700514,-8.2995374063502
9959.361006543788,42.47804678265594,7.031862228511452,-4.144677251206703,-8.613707619432882
4722.88576105652,40.346581615577996,6.638108127759347,2.709399572491566,5.840678079824111
5391.841191792209,21.0850090203132,-0.22188360098521265,0.3457442068805239,-2.0887375994820667
10603.938100072999,43.12968622229466,7.884805797105829,-6.1549481849623255,-6.847878811748384
3220.070332139393,39.88748602291271,4.698104789761894,0.9760295442474867,-6.555079000215463
7447.322835162216,28.554951234586703,-0.28490008864352057,-1.4612251909061182,-5.914991459677397
6782.145459320048,21.48206628458363,2.0331011866492794,-0.6918703542875357,-5.5091667443636
3007.543119733712,48.86812183762932,7.364710265593376,2.1914091900109263,-6.581762487590867
5820.845155499681,19.460889039551716,-0.2746556582084142,-0.7756528853123964,-2.0101994642950696
10786.372641109901,48.801736615116226,7.568149150070064,-4.2808979177733075,-6.483685547633931
8606.990555043607,55.332230510303305,7.318225183630671,-5.74079464262242,-7.937704134678179
7414.371668160336,24.793754191694394,1.8456503739424805,-2.7883938985984784,-2.2042096521320054
6307.660600608201,43.73070743681852,5.783932246472419,3.217820418200744,3.5689436561273338
11710.437352759373,48.92999150130812,6.471729712450033,-6.312461588676367,-8.277144336578143
7499.363267136795,43.614914121534156,6.7687925690526525,1.500904761945397,3.7904450077585414
11057.467997631189,45.73684567248328,5.628228270957275,-6.449845926200144,-5.657206570553257
5978.840848115131,20.98222250594416,-0.44539016605891846,-2.1897488899371966,-5.274847494616652
2226.460153322471,49.69662180431341,2.8655753412922915,3.3456745357890467,-6.473431502157974
4873.0227290707035,41.67752472698378,6.477508688588612,1.9553773416749285,4.831443850946975
5397.185998716787,16.829138507134914,2.504519552661802,-1.367814849752541,-3.372927209328146
6857.988873597475,42.10614855101003,6.675811299127469,1.0883345643814004,4.396465862038127
3285.0850841437823,38.58214261930524,6.6644487983151794,3.0311373922800726,-6.889194360731211
11750.686639179974,50.239761585428155,7.559839008371612,-6.4450302673065405,-9.472751406431879
6457.643117458791,51.70087532832271,9.056040440386614,1.923718820793093,5.502206553826662
7330.0964528078575,19.978845444342358,-0.3637833542881449,-0.5426371483025413,-2.3907218096360485
8397.859294640124,45.94122667602698,5.7419586246170224,-5.109405974149992,-7.441662234007232
1772.19758300064,49.61647690127543,4.003277459095468,1.2821877951671161,-7.209689227733243
1522.7254310593623,56.45218853691529,4.3454130970246565,1.0686862867117446,-7.947044506701898
6468.839177622702,41.45111946825735,8.007243651777348,2.5595505068849533,4.932718867761961
2432.0616001381945,38.60496197341577,3.7815143851161395,2.788686982662343,-7.756067149211834
6996.165327520417,47.46115330403376,7.802486252721188,1.9771385919543576,5.485413814340735
9386.156942560414,54.89657042984719,5.441001737672867,-4.385363513079622,-4.782962575050149
3993.5384761064483,37.14869096248595,5.2662087149683785,2.329551291820555,-6.579035770736218
10249.73297367819,42.08179191566558,6.644803467115294,-5.957439333464391,-6.907374315050718
1836.256191410869,51.569738100043274,5.904441298669985,0.3199664423922228,-8.005017239049417
9860.376164528461,15.640371044867663,0.728812066307287,-1.3835501348927621,-4.641639339745824
10787.472792837845,43.96233568883012,7.657596847813899,-5.097137504592822,-6.650219174861621
2099.090452120159,56.32845567628692,5.780387442051362,1.2808852971458484,-7.9577247967693
11294.482914174165,55.998987127932345,6.261637009397873,-6.054217406180534,-4.769667685639118
10262.911745977914,45.73565397373226,4.628726985343295,-6.720261866229904,-5.205678696141039
7584.424708862263,49.359014395137315,5.213793141566215,-5.219694584570308,-4.927542871883206
4564.9590579618025,53.19466488598408,4.50243102192496,3.458549258308886,-8.792940381704511
8944.326811051207,54.105210144177406,7.511596788806516,-4.557960563467497,-7.27165476214134
9267.75813287017,50.04333535557904,4.751423973569876,-4.6791718095431385,-6.943173917878115
6927.575777903932,40.102634598944306,7.357504966855257,2.05800760225907,5.287392123092106
8710.739798385634,48.34308720246752,7.268819695872105,2.314307574051406,3.871968286493313
7772.170422193394,50.7758553235281,5.4198286268133895,-3.528306706833451,-4.898260221227564
3100.79874464335,41.53524209932634,5.659401352653331,2.4015882670987887,-7.711118705464055
5516.66186338352,26.468539914998168,1.2947036337358115,-0.8059900757329438,-6.2463852705878775
6271.380755947189,37.79159064564513,8.72667762403351,3.680891024109208,4.93990342102848
9584.654889899854,49.61261423467753,8.077628345752045,-4.613752823904888,-8.145378217997871
7641.9508542985,21.898373918892634,1.3297739417236902,-0.34217709426591236,-4.52817753323618
8069.460705046311,41.79393612691243,7.81220145664052,-5.240584552188455,-7.138973427670551
9376.58024775128,44.7888181816995,5.655744551229972,-5.649845126778827,-7.650067470240716
2258.561309047044,33.31340989771296,3.0460555775499847,2.2094031669836802,-5.993467295156778
3790.342138311863,44.21715373086385,4.78423359428238,2.590496284811231,-6.025689337444602
4984.623018399092,47.32879894609966,6.819298734983675,1.6841587042315669,2.5481109426797763
11846.528968681117,43.69863576975366,6.760266697377773,-5.561390116037597,-7.596710824969137
8857.344368995338,40.43710862816396,6.269162676374673,-4.297500546459457,-6.1934403594901015
1521.3929222984527,45.51133844412203,3.0919257565388367,0.4190751574643927,-7.282568830299424
9507.921253414106,50.08662052242403,4.773797787744584,-6.388080999250031,-5.410383040311795
8180.141485101562,48.07711456842167,5.092654478461419,-5.273592244331307,-7.145128928408182
1119.4645748526689,49.821406804769225,5.388822616690687,2.7271842950578677,-6.894323318567568
6906.5147501414085,24.75243028830495,1.3273033269415495,-1.8315147950606407,-2.903493535183215
3724.594967454059,46.95691463656325,3.5502499456026486,0.27840524233838226,-5.120848668445405
7326.80654696242,56.25044638583256,6.062233509864907,-7.096758706381291,-6.194437159564543
8261.103035472994,18.46733223067188,2.9234560957203244,-1.3529398136856878,-4.403464038040955
6559.6492742328355,38.85385400943943,7.422263702629212,3.300876684942597,3.5407054158004625
7534.25993791314,38.75957835861129,4.712579138556347,-3.9878133934421465,-6.614689068440227
9412.158499701292,56.66430898573197,7.725059995047074,-6.075454563921475,-7.432931326356332
1908.0969979034933,39.206099172200304,4.759077602743172,2.874834231986879,-8.882913528496916
4956.276236364871,43.454989634324264,5.500929543183256,3.7759981464559655,-6.79071345464754
6924.776277087757,39.82586152135817,7.385857978467462,2.9014683275228705,4.06459165979061
669.910927449657,44.41886975025046,5.121932902746831,2.801342473994067,-7.361091757414274
3437.744661977038,37.6035024211231,2.505414537542967,3.7684228577277517,-6.094388403526401
3697.841213209576,41.67364426337498,4.759460474333271,1.368998899001293,-8.740423308430628
9771.273917740604,51.239637276330974,7.796895596161937,-6.696405139044016,-7.960980200127321
13093.93069427748,49.61034404114543,7.73357462531187,-8.588736709084683,-7.575177501509913
6989.854558720045,18.6156663489295,1.0972679160458112,-0.02022104807473224,-2.4372181201676497
8893.160314562645,47.70846742668435,5.481170086950569,-4.317331984437088,-6.553736143490352
10322.433023170295,46.768764433908956,6.133690146587724,-6.584122962283104,-8.051081612264188
5218.982211063325,40.80818406286589,8.037228125497046,3.0463989054005447,5.072165863665027
3228.468797585577,32.32805629513277,4.008972810211188,1.0622104900762945,-6.699154647379821
6363.735314030196,24.867023611412534,0.2994482759122406,-2.254982800925424,-4.985631126008419
7168.500071065709,46.44056362847763,8.176674877342894,2.5554162086474235,3.728292156938013
2569.483354391715,43.637742359793144,3.550802441778184,1.2810440872587328,-5.973157720160363
5879.403007817262,41.436558307809435,7.239324061748326,0.029147114644985983,4.676993418880012
2404.741141166945,43.2773865381964,4.7499917680707044,-0.41191301358033927,-7.143233456556285
18.716664678223527,50.29817886158176,4.248650597626692,3.4146263905374656,-7.369317638777131
4817.604002074534,25.010169509221942,-0.2893909737338265,-2.0758931800098757,-2.526091484234181
6288.12811221888,43.08262204101081,6.293493579281247,2.862672090154965,3.4706861644355804
6608.949451545047,10.856211724120023,-1.1111983270231411,-0.5295972795197519,-4.902450180949833
8125.79589204717,45.71032799061818,8.437724180228377,-5.574816837791943,-6.768003821199635
8127.719889093356,56.11888152773414,7.846825893785988,-6.271162161696135,-5.879024547454057
9554.492725240998,46.93627123633421,7.95192749500633,-5.183579906978533,-6.39353300635216
6863.394442980411,44.33638930584007,7.561224628420129,1.8490677405554448,3.4730571476646253
1690.8540574987935,43.209830101430875,5.028878459214232,1.8169980186995105,-6.763232033160008
10391.197400475852,53.230413340575886,5.922114168324199,-3.5620061301781534,-5.549989610250865
6070.326202676022,50.927970912553846,7.782414610919564,2.222042884719843,4.752393072730688
5592.984423205953,12.35246908103333,0.32779310182755783,-1.9013267449793791,-4.174783645411244
9189.933717401134,48.13398329487383,7.500194996575283,-6.275801431118289,-5.7477736980466885
6775.0423700267675,18.715444899992722,-1.6363536468332267,-0.8707162533808802,-5.410663005857647
9790.896181911965,47.41129819487852,8.043106779138265,-6.8660415474631655,-6.077457876576245
9753.248331637182,52.708232499417065,8.58358672559481,-4.17532044213362,-4.395543220612316
7352.116168068779,44.01916984557115,8.857665150627462,2.2516191164880595,4.217175413708287
2780.129183636593,45.476599869119156,2.9301810127719534,1.3199104145105127,-6.746520083499431
10355.616047108373,31.66139055449569,7.156015361712495,3.3521196149491956,2.913564443370272
647.8152524257227,45.76547844674876,6.055035457104693,2.0541918616328627,-4.406729681292886
5879.3893302487,19.751352586156095,1.846388933571359,-1.4227720954638687,-6.3030561578874185
4550.970568688166,17.442095611332267,0.11945899601697207,-1.3619499406496602,-5.6759064768028225
9899.766127184652,51.42384810152444,7.3872937968241,-6.875744228887991,-5.060322116447949
5455.673226603491,40.359257451004936,5.9519170202221225,3.9824180736254906,2.7858370842984836
7144.98738573411,12.411119285761993,-0.6822700047228607,-1.9183847419289504,-3.6209441241368854
6903.674951987964,40.87669905667717,7.592219876376297,3.659268750832789,4.311720959098397
9441.105734890198,56.739055967016796,7.036547943747671,-6.056041988986022,-6.713674178556641
10035.709896594071,57.35276832359986,6.169289393270913,-5.4835961155322135,-5.244391657610279
5157.280141993169,19.063866848656083,-0.4747902333243543,-2.3576329150255635,-3.5484002697202524
2971.2963595523297,41.00989863915586,5.373890382837143,3.210369110935873,-5.762091048211832
1346.8236344132831,40.859112077727495,4.246684260310779,1.5026399001821429,-8.635845128909812
1714.6408136274943,54.58753153786372,3.1545002376358826,4.532809733528252,-9.222132550578273
12653.015475966298,52.596904683635074,5.00859837790993,-6.022936268705697,-7.7676362871292195
4982.974538948108,13.890616931309081,-0.4323245687435736,-0.8726368826082431,-5.341405277488704
8699.002531272625,34.90660757519968,9.47857612321333,1.2869538062829122,3.696209683997728
8615.340186292211,51.75191753951271,4.550614448122619,-4.188009494980694,-8.358491041500796
5999.057477381494,11.411824129014324,-1.0754558462981771,-4.984514214142676,-3.9547977423347276
3585.902868835748,45.526257990153965,3.8272847824135674,3.1433133640420334,-7.056096048953837
11204.861661519586,41.16130098513552,8.089349505541746,-6.541490921200152,-7.619793835076315
5643.769448437735,42.75890382902097,7.012672340513859,1.7866804159622016,4.075530044624032
10788.70770361064,42.92451539305033,7.265542235599134,-5.537719648106959,-5.942744536729717
10324.393310333078,45.17616709727066,6.183040633758961,-5.548718319583892,-6.17081187859815
5271.503020735452,35.98028426780029,6.280127957161531,3.947130940142272,-7.178470438618924
7987.45160067804,23.33607905158602,1.5300007995040676,-0.21734957270638122,-3.5597146919224096
7938.4584111061295,43.11520014145222,5.689822408028132,-6.332510013052916,-7.507494985768442
10559.834337989927,49.53535148298397,6.080245599523336,-5.770560511488412,-5.707959558253548
2249.4473155543806,45.344861680414496,3.857958419101121,4.545902591131123,-6.118924364369657
7697.371582245804,39.14777748924771,6.540374140335834,1.4868801150064401,1.8940026787862716
8433.727364141034,37.22667805890894,6.762281473924434,2.4381048929410345,4.105146861265888
6314.782121527603,25.299412220426095,0.0066850571326206865,-0.5375174788096443,-4.048343852300881
7748.885181301937,12.889845536032995,1.35358621117425,-0.4992767563081638,-3.6492463094674887
6788.903123581053,40.95910282850184,6.2187146038034635,2.2255332237074694,2.4649941596349327
8040.658385871497,21.175689679452717,-0.019964671713636917,-0.6548357034328215,-6.093166418299658
10852.729017059575,40.58416768672427,7.789221926376727,-3.700481739336167,-6.488839718102954
8774.859730646862,43.06653111743489,4.452093339780688,-5.1397746670045,-4.7151104016624386
6324.203079158198,22.19409104720564,0.3635968679337602,-1.4671351782040876,-4.619430431897714
673.7372397000139,44.12338324951767,4.127621552291197,0.758644433628531,-8.865455197390194
6613.549067315491,47.06413051316091,8.830430266186928,0.948771472200771,3.937205582927278
9617.34484175305,41.568774051818664,7.038083954074359,-7.16806553582624,-4.938285389704111
6596.710693164603,46.95455974696007,7.655041745350406,-5.655022556177399,-6.482168239687359
7247.179537210781,24.190629802770015,-0.6327550886858804,-0.36572981683958705,-4.4080085625665255
4628.386197514959,23.17831709847846,-1.7447193089879822,-0.15208319935337866,-4.996972986951166
733.2646563847192,45.53564048687732,3.606337794634185,3.8009185766643205,-6.23293513872968
1816.711070436102,43.853158324733656,5.085253884273672,1.2483874598817475,-6.77571944618379
5606.4914113048835,14.281777330105774,-0.04737976675493916,-1.925150204469087,-3.856363320456703
1190.6654006681222,50.023928734919785,5.616090399428868,3.539744252525927,-6.854422581191959
9368.177872165727,46.24776434766215,6.877793876303754,0.3332862012027902,3.2280715308118584
5390.384657453695,19.691337982452595,0.17965963759483605,-1.3341405557832295,-3.5188742578289096
975.9997481066403,41.52200230797662,5.296395693632147,1.7305385010200591,-7.140844635023934
1146.5188548360316,50.79544122195082,5.421548337795059,1.5948465903723172,-5.96886412655935
7529.582555708619,21.879603335760336,0.7953688801467906,1.033701360583072,-0.44351492883272847
9661.103090661496,42.74054461473665,4.832395544873043,-7.916985397941611,-8.264463787464575
8111.92795256922,43.3938207382988,6.483377937571696,3.4563561895739863,2.3336272701803793
3890.3899159595135,47.32561875106563,3.9191124083255353,1.6231371841887998,-7.601675125826547
10125.096388874452,54.67708338661011,6.730279428641319,-4.729889376287813,-5.781821275104618
9197.354534185351,48.15729102566345,6.225053264635609,-5.347037174280447,-6.717982348024823
6760.844310303836,20.658125794620673,2.1425468022565934,-4.015333920753093,-2.3352967544835708
3696.7234073630475,44.31670912039372,4.706748730974535,3.28619950610587,-8.910584746809054
3996.0108909900164,44.53735156538157,7.564841771556664,3.28308551007331,5.48808267547049
2541.0142735918107,45.432811900637766,7.595769371210444,1.742336526203385,-6.517770380350935
5603.842131967905,20.674955416368554,1.1365354108214176,-0.295913116109082,-4.560218346707791
11314.243688064791,52.50635882365066,5.847079913361643,-3.5052604549734223,-5.067442977000409
402.78861212090476,43.57764575011717,5.805763977373328,2.747620823442909,-5.237269322112452
7501.243152119352,42.84891107334666,7.303815440211401,3.4483721630018764,7.193770466969255
988.904244028803,40.825413847278924,5.172462150003575,2.902730548055936,-7.99194375704497
6763.632177878227,27.53206182053846,-0.0010295607031739484,-1.0487630192582218,-5.331927907491894
3082.38655917089,47.94530959546996,5.04027336257244,3.218217617050211,-7.491646869776966
6619.190145460279,38.97123239904752,7.918341181065829,2.2028029210364672,4.59940475888038
10145.850870842021,48.19794315143646,6.988798261863806,-6.0639037548793695,-5.659468094087658
10320.04959926721,46.186882216161926,6.666478649683472,-6.695095762133165,-5.585564135245357
8105.588973832802,39.94150009938393,7.616083772024142,1.3454058779801015,2.6250862775158357
5861.010642316804,22.629557458291217,0.4644394580143639,-3.483990713024627,-5.009072953346031
8882.410481929053,41.79630004754838,8.100158043141992,1.442476480104927,6.050235671868949
7027.973692575375,18.139348700833967,1.094750765008278,-0.7946969020545559,-4.084270874539857
3600.462568806437,53.488196506608205,2.9576575608773643,2.6773981965010565,-4.251080440179296
5488.913829238849,50.67801874877944,8.06264564383182,2.734021744426236,3.7899958287441207
6373.804688193605,34.50937116882817,7.867764077315479,1.7293122725153973,5.318356157866938
6369.560519133989,49.99349564195533,7.266269288128328,2.0179771879554935,2.7714139288898574
4171.296385118299,12.142097586409603,0.7467199309743082,-1.9510630499161419,-3.206870080074389
8415.601953358788,47.94055024935412,7.354832175751704,2.6434910594271233,3.2905589801367503
6542.679884512696,43.5664321594688,7.248411162019276,1.1175427282241641,3.82464146368078
1429.6777725328493,46.91522776625126,5.615313378834854,2.7287242942490666,-7.874421204257757
1564.6960985618077,52.02300411503603,3.6550600542060487,3.129221039033918,-6.384290078827473
6150.633781616099,43.07198404424191,6.787802578038069,2.2552082263421447,5.449809655752635
8416.624816271487,33.66287369127386,4.825207626038237,4.058047876812221,4.414672516564051
9621.075561495869,41.39137746176026,6.116914114578623,-6.814981043266758,-6.571035927766095
7555.507009361862,19.717088609291658,0.28590352316135426,-1.0907301207085554,-4.618849510639191
8781.221672640675,58.39027682557072,6.489692320349348,-6.922652952039247,-5.03500385271362
7304.938816383729,27.12124285753393,0.2143048017163796,-0.8014695778220838,-2.9906157761322394
5805.877729242668,40.38060797308823,8.582986173881906,1.380017980991494,5.7423244346821
8911.657770310409,44.78167654394855,6.1372135869176025,0.6979930542052506,4.377324537305083
6308.369813698536,15.538608288245308,1.205305593134411,-1.7859484802869137,-4.863739323515443
6796.466582678741,19.848243011639656,0.5255947372956494,-3.6647074145948726,-4.192022491352246
2548.431320765662,32.66677804075235,4.532934788812756,0.4078062833349081,-6.076020132555224
6823.048728667049,22.720306091653782,0.6779544790852237,-2.3480035460163258,-2.830180395249796
9229.806624045128,42.48023891562832,6.137223700561783,-4.375082935398371,-6.22757616321267
11093.457421887051,48.75233280919921,5.02095465046035,-5.193501807514245,-6.406270434614968
2575.899228145296,46.751242398910534,3.2892919794700495,4.908072059480924,-6.724561772780997
1462.4128589879365,46.171482675421714,7.267642356089308,1.0032117415145503,-7.8872934017682015
6630.884368680214,42.562165760007815,5.791424624514332,0.7250323863742609,5.425234979920393
10484.96412906134,32.44554365456178,7.7097072916416955,-4.869005109923557,-6.701093724399843
8216.961185413522,26.33638051750506,-0.9375813750341091,-1.1895679134412371,-2.096399196657051
8054.156926413984,41.742122248893224,5.280422590413295,3.257286999654948,4.72856853481656
6568.715907300115,20.4834154059673,0.26123869622154006,-0.0005755109172078665,-3.463149129302127
2833.0475454047955,39.198848346297765,4.106726924136767,2.4259302755945544,-5.971240851176848
270.2682096790423,47.91442816646233,3.210314639584923,2.7610340143013277,-8.049245195424056
6097.322139179842,53.64999172508555,9.095371335169778,3.6784098598411177,3.410776314109474
6805.114666105918,49.35089225256566,6.879311755796474,-6.124157543477478,-6.2032515701192485
9721.781387702391,41.56753936741069,5.766216884900716,-4.269905976181952,-5.053928511144865
3449.1015738562346,43.13906154375755,5.616099497071705,0.4961325042199858,-6.606675269626315
6537.07112440606,42.1848980432579,8.1137760427061,4.434545681383796,3.9491148829280496
5461.794858713727,16.478705981356477,-0.27464928162278535,-0.8427925735489564,-3.2149257657659427
1795.009192528454,40.162106541590774,7.150743567050654,0.7659488261410896,-8.336653526496548
7688.298342368589,42.517673809837234,6.321106451586994,4.596479188192241,2.7363334530854937
7422.877176374839,58.73491474295379,5.422839527315835,2.9347978222373325,5.104411746301907
8492.008562604053,42.17191151211736,8.440079098759862,-6.0785661076855595,-6.389141409076111
4462.248548512545,45.35994032095991,4.95154583829388,0.8879897338154417,-6.113316240618421
5989.244913102136,16.449041133770198,1.2693873357848258,-0.6943742679535471,-4.067920378532863
6666.665319329493,21.254336715021232,1.4435749079068108,-0.9530380736750166,-3.490681599375724
3061.964148204495,51.414163998305106,5.052220783710255,-0.14247850249454874,-6.490726427877516
8971.989986200291,43.79478017822797,5.24495261315609,-9.199932442372456,-6.396518541918751
5426.760207155035,12.442295475198371,1.345093249286034,-0.9393617781077856,-2.8912369100594484
10734.457209303175,49.53257960976019,9.123882719100209,-7.034257283539604,-6.334437307850678
10243.80345198693,49.34180924861471,4.874158933479482,-5.53318588269949,-6.381872474865582
2240.2866448802497,45.14698504568238,4.7570901544867,1.0455579433141722,-6.850214982040539
2153.8532905752586,46.637762274070944,4.646014984199055,1.6916651238905558,-8.578072081611767
8301.301309312188,44.801268838942114,5.641801215201628,-7.006988819259718,-8.723128563109189
10007.490269425787,46.87446758087304,6.285037076607305,-4.793287504104017,-8.303073385981893
5528.231557818637,45.80497092650903,5.995691825008699,5.110331998764008,4.232513676738295
7159.583131808333,22.53451263844486,2.227487036807334,-2.8689079002927924,-3.1995709719415886
7247.853127945621,19.348148691360617,1.3151234240180405,-1.6122762106529192,-2.887843538719947
11464.139084519938,52.289643879082384,6.555448179593073,-5.969793682743227,-2.531771574444155
4866.8686163842185,47.51316823342802,8.006302610521033,3.976376182618421,3.7064982667359243
1407.763286587019,57.8043678230674,5.8788371488894775,0.14992572479591604,-7.460708078590772
8351.028388878756,52.97788806443897,7.5928650977706695,3.2788181979987607,6.182164785670351
5591.502663439287,15.474359764843362,-1.1440182207958838,0.0932331553059953,-3.861916558558534
1817.3292673858302,46.938931568252826,8.334535806374387,3.3166595776622243,-7.0331283009281895
6027.422209137835,16.76961667345363,1.7980722225719739,-1.2435198429926106,-3.8057565486342386
8252.994577103142,24.5467578527277,0.3712229204659004,-3.332926200542686,-4.386442481357647
7891.40728724444,14.597381196771181,1.4688044980346677,-2.739015573660827,-3.1928840235333285
9688.036801238384,37.96266297201342,7.560919972435959,-5.654290082913073,-8.112562455215905
7108.959969693515,15.110623875046606,0.27765962478303363,-2.140347273143396,-2.589852357311547
9729.992346473246,34.25985582214786,5.919466431495117,-4.196824330561146,-6.390942330616646
5076.031631155366,38.92746503972602,7.058365906903107,2.0545632416576125,4.411510925457971
245.77454160011402,46.118897517982646,4.9489393050954185,1.8838345850213314,-9.182152649510119
7410.450660919078,27.557657458480165,0.26818416371231707,-0.255119492848334,-4.328476140492202
6179.39577088479,46.34739132790241,8.032308712329474,3.3527445315636646,5.146030173357746
5675.192046077763,16.282472692142044,0.18918168038031985,-1.5116447391611654,-3.7819617670479326
10896.789007015366,55.456579494677044,6.530547057267322,-5.73059823890066,-5.5136433479501195
1911.5996735582103,53.77829228776186,5.79100382753035,4.556988632954599,-7.800444266616929
7555.069724349068,40.39719234884693,8.49058825505078,2.7684721895248114,2.2771818920523614
4848.552936763863,19.043830158277604,0.7319074815314719,-2.1022819016789054,-4.554704623271621
5434.417495590284,26.012233858485065,0.7822248695781366,1.1277995765422828,-5.27867870594287
6330.463232496655,24.47830749045537,1.2862234347636434,-0.23601546200581525,-6.10448903328193
5645.440872874351,19.948921806042094,1.8443526644893604,-1.7619923043336139,-3.497890084966841
6655.989475903452,48.723936377299985,6.589701551908365,0.334306918646309,3.053571660587824
10116.373564805834,44.51740798228692,7.046401479248289,2.8577478726402776,6.380198869855323
4518.523886634506,28.282829844355582,0.4806218952294918,-2.863971760453428,-3.7390589368892
3079.1319964458976,41.151455245549336,6.758423924565418,2.4591477370938786,-8.392687936353324
7955.114145943565,28.709930821353574,1.8303546826326675,-2.1162156995890316,-2.3349439441393622
6533.107220586565,29.459837943714685,6.558234934397124,1.3851038888619946,3.4136829242111917
7430.7707087186745,37.71955378259228,7.277312752097854,1.8151474749351921,5.221843480904916
2595.6097689491507,51.09262802834375,5.073842066285263,1.199025978414583,-6.445952464541174
2093.4597716563794,40.99128231152066,4.918583272821306,2.3248566518991494,-7.736848892782912
5209.706849662427,38.68173914716618,5.4389221911508905,0.8347464709797707,5.290376981506768
7661.811197613285,47.094953787505986,6.939106145665519,2.5312993705464755,4.788854141563508
5188.89266505325,30.39825004146455,6.888116642971112,1.4876972091832497,5.90551292846215
6527.261290218076,19.3302606516719,-0.70749631429301,-0.47211041265353415,-4.791273475805063
3060.4307025010435,39.97236442420286,5.636281816081196,0.9458690928500915,-6.793747706487999
5621.29852227168,48.41770092643661,5.6333693598624315,0.15434522663549122,4.888663497535676
1943.4355944895553,56.363577619841806,6.254382891614075,3.8849936359080086,-7.493086002868692
5670.138272643896,17.532240405643247,0.9639637377585302,-2.9528661811309846,-2.9186359480934234
5971.340571398329,15.842532839785816,-0.8714711086921656,-0.11416548225336287,-4.2663343398817135
8059.094465521918,45.5394376831622,7.983585434328165,0.8602868890278133,4.287902163296061
4877.283762928675,45.74918689136168,5.519751371756976,1.7274085579610425,3.8341832722237044
6910.774478465682,37.15526466762387,7.975843101012022,1.5775630363608486,5.087490008698922
7480.490900805375,17.513048414746915,0.4367458107602159,-1.3217432326637815,-5.085611597679245
8684.300168758511,49.2779355254961,8.196556120907731,-4.945400164910527,-6.5296478366385164
7124.40602539878,47.68172426687191,6.105814838667263,1.2431671807849671,2.692723235806201
6489.676917737325,14.61949267539719,-0.028988452041103674,-3.2889921480441,-2.0759165109926565
3655.846151773261,35.43275271944617,4.884035199268769,1.0655487895995681,-8.58633164266848
3013.972010371181,43.01514354183099,3.677146113162159,1.779626829941521,-6.394766162973824
2696.0103055232457,52.078123010950456,4.945183848189557,2.3782928784309747,-7.373879550498231
8234.971718736622,47.33876038085869,7.910772388972205,0.5557468641938412,5.017049672127775
5846.756096977287,12.161082553113305,-0.7901357829341014,-0.544840300617146,-2.7444081810655914
554.8589683672001,36.79082189170226,2.595819909001916,1.9065124452647895,-6.418748652424101
4503.021697775502,44.67495184910771,3.1866593965131536,1.190966354578141,-6.822748785571573
6839.209431364876,48.811478169531895,7.6040660096476005,0.15522545941982302,4.558507834578258
6649.327612504057,31.598949890486743,1.257630268895829,-2.848209700981852,-4.103498039719567
4939.3687270418795,46.190156529608174,3.845735078506036,2.9960896856962007,-7.830652077270511
6331.661325029488,19.631577630877914,0.10165497282925584,-1.1748708065269102,-3.1852992784379994
497.4728483224111,47.032994883576585,4.376958201657464,2.968456381360919,-9.532989561960733
9846.215350430433,45.14277951108498,7.584445454731643,-4.180847291090947,-4.68868008291004
2646.881352813029,48.10135431487435,5.678785069232247,0.5328139954738005,-7.281028674160408
7407.786863204956,35.509771477057654,7.559388647312593,3.2605136822265375,2.3787791082765426
6743.036414881499,43.289828214408786,6.887188260842076,1.9539654863988947,4.53081367859138
4486.391500836261,26.311044541512707,-0.6058747525723591,-0.13990586694548224,-3.8496228230483838
5019.509001899054,50.181763027612796,8.504709793670603,1.765513621793565,4.102095104337989
7722.499618644053,48.169044288485736,5.640396589339071,4.121792326688503,2.668815673451367
9886.739465504208,56.63505867231939,7.2380227579743375,-4.871364443174696,-5.568043133457093
5829.831937864904,11.166184146367652,1.2756687436881242,-3.1647959892694666,-2.913080054771659
7299.218838458061,46.12144909048435,9.815620495771713,2.4806227775420395,4.677501532550193
9368.254830226919,21.291801035326895,1.8162801946430425,0.9889173179070272,-5.650876709382062
11526.468293170563,53.97942134294246,5.7673429238507765,-6.725520710851734,-6.122817619180856
5610.461704216385,28.238904600847476,-2.2602885111199282,-2.0217438465475857,-5.640272107136152
8466.214903739143,17.657864748532365,-0.10988716456444847,-1.4589268348796602,-3.7582054157931575
6417.828905161004,28.683018184131086,0.06669359167682604,-0.29263983093394175,-3.485171176711282
6974.871558594082,29.81992344960391,-0.8447006952936336,0.1218743168506411,-4.362495009563163
1918.8946172449434,37.15003139886775,6.837629355253325,3.388497828806276,-7.4426379736769155
5731.110937273872,19.277133580960466,0.503604422998569,-2.1534849945258214,-3.3368230917961195
2069.279727736532,39.432151923027476,4.023238535424069,0.7021134576739902,-6.9548421078790765
6270.844560704102,18.53572571782378,0.7878724701349575,-1.6289423327194514,-2.3875810697166626
10866.446509774398,45.15963699007142,5.917438173417296,-5.977583350017012,-6.295520745981459
3615.796012065901,50.28906616162557,6.266644266794042,2.469291567809173,-4.627472216081591
6209.682248616939,10.281654795075104,-0.9917998581399237,-3.122129946060613,-3.977704186555341
6733.697815701513,28.831131553567282,7.208251035829123,3.4014282264069866,3.317639845769844
1891.1553024023585,48.15414634646486,5.257936059795359,6.596447472726397,-6.194558578319469
1941.3124735644965,44.634457165050364,3.6237263745460155,0.15535301431769444,-7.415445133631695
3094.3250919397424,42.47608151407388,5.113221407082057,1.4679883069564164,-6.531897362875575
2303.555685624786,44.377540946662165,4.278554401520955,0.19894329549981915,-7.743440241224921
6488.749966585405,51.69832024149187,8.432355338546984,1.8004176711325888,3.5341839312980614
8845.325000877714,59.33595803446963,6.673805265218925,-6.626821315909439,-6.5829763851837955
8748.007871667647,46.76032974897552,9.124434664259876,3.042566325400367,3.7430689946314777
7917.351754006757,45.490706128605716,6.995285171144264,-5.440831579909012,-6.524671145622645
3753.893008244498,43.92939857248996,3.589136932166393,0.31381000678352877,-5.7682141341133
10158.19450203098,52.2187690009429,5.033677199712337,-5.601562290978783,-4.036785856988046
11290.34899360359,36.42613234431478,4.818065238524322,-4.238116862321858,-7.025730430928924
8209.945294769494,40.89605430232905,6.722868635826002,-5.238637986037789,-5.531773927142215
9496.08785453343,45.64184932535096,5.868849719020284,-5.550832180074404,-5.8331718763746965
7080.651289656172,43.31135666458011,8.771333675308732,1.0419774296794924,4.603859526568391
5440.690900899657,16.682281987962284,-0.9900662741480002,-0.31811234989055737,-3.110668191319071
